entry_id	entry_type	source_text	alt_source_text	source_lang	unified_ipa	gujarati_translation	category	task_use	start_time	end_time	notes	source_file
T2-0001	token	hai		hindi	hɛ	છે	aux	task2.1+task2.2_support			common copula	hinglish_ipa_mapping_starter.csv
T2-0002	token	hain		hindi	hɛ̃	છે	aux	task2.1+task2.2_support			plural or formal	hinglish_ipa_mapping_starter.csv
T2-0003	token	tha		hindi	tʰaː	હતો	aux	task2.1+task2.2_support			past masculine	hinglish_ipa_mapping_starter.csv
T2-0004	token	thi		hindi	tʰiː	હતી	aux	task2.1+task2.2_support			past feminine	hinglish_ipa_mapping_starter.csv
T2-0005	token	the		hindi	tʰeː	હતા	aux	task2.1+task2.2_support			past plural	hinglish_ipa_mapping_starter.csv
T2-0006	token	main		hindi	mɛ̃	હું	pronoun	task2.1+task2.2_support			first person singular	hinglish_ipa_mapping_starter.csv
T2-0007	token	hum		hindi	ɦəm	અમે	pronoun	task2.1+task2.2_support			first person plural	hinglish_ipa_mapping_starter.csv
T2-0008	token	aap		hindi	aːp	તમે	pronoun	task2.1+task2.2_support			formal second person	hinglish_ipa_mapping_starter.csv
T2-0009	token	tum		hindi	tʊm	તમે	pronoun	task2.1+task2.2_support			informal second person	hinglish_ipa_mapping_starter.csv
T2-0010	token	ye		hindi	jeː	આ	pronoun	task2.1+task2.2_support			proximal	hinglish_ipa_mapping_starter.csv
T2-0011	token	vo		hindi	ʋoː	તે	pronoun	task2.1+task2.2_support			distal	hinglish_ipa_mapping_starter.csv
T2-0012	token	kya		hindi	kjaː	શું	question	task2.1+task2.2_support			interrogative	hinglish_ipa_mapping_starter.csv
T2-0013	token	kaise		hindi	kɛseː	કેવી રીતે	question	task2.1+task2.2_support			interrogative	hinglish_ipa_mapping_starter.csv
T2-0014	token	kyunki		hindi	kjoŋki	કારણ કે	conjunction	task2.1+task2.2_support			causal	hinglish_ipa_mapping_starter.csv
T2-0015	token	aur		hindi	ɔːr	અને	conjunction	task2.1+task2.2_support			additive	hinglish_ipa_mapping_starter.csv
T2-0016	token	lekin		hindi	leːkɪn	પણ	conjunction	task2.1+task2.2_support			contrastive	hinglish_ipa_mapping_starter.csv
T2-0017	token	nahi		hindi	nəɦiː	નહીં	negation	task2.1+task2.2_support			common negative	hinglish_ipa_mapping_starter.csv
T2-0018	token	agar		hindi	əɡər	જો	conjunction	task2.1+task2.2_support			conditional	hinglish_ipa_mapping_starter.csv
T2-0019	token	samajhna		hindi	səməd͡ʒʱnaː	સમજવું	verb	task2.1+task2.2_support			lecture domain	hinglish_ipa_mapping_starter.csv
T2-0020	token	bolna		hindi	boːlnaː	બોલવું	verb	task2.1+task2.2_support			lecture domain	hinglish_ipa_mapping_starter.csv
T2-0021	token	sunna		hindi	sʊnnaː	સાંભળવું	verb	task2.1+task2.2_support			lecture domain	hinglish_ipa_mapping_starter.csv
T2-0022	token	shabd		hindi	ʃəb̪d̪	શબ્દ	noun	task2.1+task2.2_support			common word	hinglish_ipa_mapping_starter.csv
T2-0023	token	bhasha		hindi	bʱaːʂaː	ભાષા	noun	task2.1+task2.2_support			language term	hinglish_ipa_mapping_starter.csv
T2-0024	token	awaaz		hindi	əʋaːz	અવાજ	noun	task2.1+task2.2_support			speech term	hinglish_ipa_mapping_starter.csv
T2-0025	token	dhvani		hindi	d̪ʱʋəni	ધ્વનિ	noun	task2.1+task2.2_support			phonetics term	hinglish_ipa_mapping_starter.csv
T2-0026	token	lecture		english	ˈlɛktʃər	લેકચર	academic	task2.1+task2.2_support			class session	hinglish_ipa_mapping_starter.csv
T2-0027	token	classroom		english	ˈklæsruːm	વર્ગખંડ	academic	task2.1+task2.2_support			environment	hinglish_ipa_mapping_starter.csv
T2-0028	token	speech		english	spiːtʃ	વાણી	speech	task2.1+task2.2_support			domain term	hinglish_ipa_mapping_starter.csv
T2-0029	token	signal		english	ˈsɪɡnəl	સંકેત	speech	task2.1+task2.2_support			domain term	hinglish_ipa_mapping_starter.csv
T2-0030	token	transcript		english	ˈtrænskrɪpt	ટ્રાન્સક્રિપ્ટ	speech	task2.1+task2.2_support			output text	hinglish_ipa_mapping_starter.csv
T2-0031	token	transcription		english	trænˈskrɪpʃən	લિપ્યંતરણ	speech	task2.1+task2.2_support			process	hinglish_ipa_mapping_starter.csv
T2-0032	token	frame		english	freɪm	ફ્રેમ	feature	task2.1+task2.2_support			analysis unit	hinglish_ipa_mapping_starter.csv
T2-0033	token	phoneme		english	ˈfoʊniːm	ધ્વનિમ	phonetics	task2.1+task2.2_support			unit	hinglish_ipa_mapping_starter.csv
T2-0034	token	vowel		english	ˈvaʊəl	સ્વર	phonetics	task2.1+task2.2_support			unit	hinglish_ipa_mapping_starter.csv
T2-0035	token	consonant		english	ˈkɑːnsənənt	વ્યંજન	phonetics	task2.1+task2.2_support			unit	hinglish_ipa_mapping_starter.csv
T2-0036	token	spectrum		english	ˈspɛktrəm	સ્પેક્ટ્રમ	feature	task2.1+task2.2_support			frequency domain	hinglish_ipa_mapping_starter.csv
T2-0037	token	cepstrum		english	ˈkɛpstrəm	કેપ્સ્ટ્રમ	feature	task2.1+task2.2_support			cepstral domain	hinglish_ipa_mapping_starter.csv
T2-0038	token	pitch		english	pɪtʃ	સ્વર ઊંચાઈ	prosody	task2.1+task2.2_support			f0 related	hinglish_ipa_mapping_starter.csv
T2-0039	token	energy		english	ˈɛnərdʒi	ઊર્જા	prosody	task2.1+task2.2_support			intensity related	hinglish_ipa_mapping_starter.csv
T2-0040	token	frequency		english	ˈfriːkwənsi	આવર્તન	prosody	task2.1+task2.2_support			signal property	hinglish_ipa_mapping_starter.csv
T2-0041	token	embedding		english	ɛmˈbɛdɪŋ	એમ્બેડિંગ	model	task2.1+task2.2_support			vector representation	hinglish_ipa_mapping_starter.csv
T2-0042	token	classifier		english	ˈklæsɪfaɪər	ક્લાસિફાયર	model	task2.1+task2.2_support			predictor	hinglish_ipa_mapping_starter.csv
T2-0043	token	stochastic		english	stoʊˈkæstɪk	સ્ટોકાસ્ટિક	model	task2.1+task2.2_support			technical term	hinglish_ipa_mapping_starter.csv
T2-0044	token	alignment		english	əˈlaɪnmənt	સંરેખણ	model	task2.1+task2.2_support			mapping step	hinglish_ipa_mapping_starter.csv
T2-0045	token	denoising		english	diːˈnɔɪzɪŋ	ડીનોઇઝિંગ	preprocess	task2.1+task2.2_support			noise removal	hinglish_ipa_mapping_starter.csv
T2-0046	token	normalization		english	nɔːrmələˈzeɪʃən	નોર્મલાઇઝેશન	preprocess	task2.1+task2.2_support			cleanup step	hinglish_ipa_mapping_starter.csv
T2-0047	token	beam search		english	biːm sɝːtʃ	બીમ સર્ચ	decoding	task2.1+task2.2_support			search method	hinglish_ipa_mapping_starter.csv
T2-0048	token	language identification		english	ˈlæŋɡwɪdʒ aɪˌdɛntɪfɪˈkeɪʃən	ભાષા ઓળખ	decoding	task2.1+task2.2_support			lid task	hinglish_ipa_mapping_starter.csv
T2-0049	token	dynamic time warping		english	daɪˈnæmɪk taɪm wɔːrpɪŋ	ડાયનામિક ટાઈમ વોર્પિંગ	prosody	task2.1+task2.2_support			dtw method	hinglish_ipa_mapping_starter.csv
T2-0050	token	synthesis		english	ˈsɪnθəsɪs	સિન્થેસિસ	tts	task2.1+task2.2_support			generation	hinglish_ipa_mapping_starter.csv
T2-0051	token	speaker		english	ˈspiːkər	વક્તા	speaker	task2.1+task2.2_support			person voice	hinglish_ipa_mapping_starter.csv
T2-0052	token	voice		english	vɔɪs	અવાજ	speaker	task2.1+task2.2_support			person voice	hinglish_ipa_mapping_starter.csv
T2-0053	token	spoof		english	spuːf	નકલી અવાજ	security	task2.1+task2.2_support			anti spoof term	hinglish_ipa_mapping_starter.csv
T2-0054	token	bona fide		english	ˌboʊnə ˈfaɪdi	વાસ્તવિક અવાજ	security	task2.1+task2.2_support			real speech	hinglish_ipa_mapping_starter.csv
T2-0055	token	adversarial		english	ˌædvərˈsɛriəl	એડ્વર્સેરિયલ	robustness	task2.1+task2.2_support			attack related	hinglish_ipa_mapping_starter.csv
T2-0056	token	perturbation		english	ˌpɝːtərˈbeɪʃən	ક્ષુદ્ર વિક્ષેપ	robustness	task2.1+task2.2_support			noise term	hinglish_ipa_mapping_starter.csv
T2-0057	token	तीसरा		hindi	tiːsɾaː	ત્રીજું	discourse	task2.1+task2.2_support			ordinal marker	hinglish_ipa_mapping_manual_expanded.tsv
T2-0058	token	मैं		hindi	mɛ̃	હું	pronoun	task2.1+task2.2_support			first person	hinglish_ipa_mapping_manual_expanded.tsv
T2-0059	token	मेरे		hindi	meːɾe	મારા	pronoun	task2.1+task2.2_support			possessive	hinglish_ipa_mapping_manual_expanded.tsv
T2-0060	token	लिए		hindi	li.e	માટે	postposition	task2.1+task2.2_support			common in transcript	hinglish_ipa_mapping_manual_expanded.tsv
T2-0061	token	कुछ		hindi	kʊt͡ʃ	કંઈ	quantifier	task2.1+task2.2_support			common in transcript	hinglish_ipa_mapping_manual_expanded.tsv
T2-0062	token	नहीं		hindi	nəhĩː	નહીં	negation	task2.1+task2.2_support			common in transcript	hinglish_ipa_mapping_manual_expanded.tsv
T2-0063	token	करूंगा		hindi	kəɾuːŋɡaː	કરીશ	verb	task2.1+task2.2_support			future first person	hinglish_ipa_mapping_manual_expanded.tsv
T2-0064	token	आज		hindi	aːd͡ʒ	આજે	time	task2.1+task2.2_support			common in transcript	hinglish_ipa_mapping_manual_expanded.tsv
T2-0065	token	मुझे		hindi	mʊd͡ʒʱe	મને	pronoun	task2.1+task2.2_support			oblique form	hinglish_ipa_mapping_manual_expanded.tsv
T2-0066	token	चौबीस		hindi	t͡ʃɔbiːs	ચોવીસ	number	task2.1+task2.2_support			from transcript	hinglish_ipa_mapping_manual_expanded.tsv
T2-0067	token	साल		hindi	saːl	વર્ષ	time	task2.1+task2.2_support			common in transcript	hinglish_ipa_mapping_manual_expanded.tsv
T2-0068	token	कालखंड		hindi	kaːlkʰəɳɖ	સમયખંડ	noun	task2.1+task2.2_support			from transcript	hinglish_ipa_mapping_manual_expanded.tsv
T2-0069	token	रूप		hindi	ɾuːp	રૂપ	noun	task2.1+task2.2_support			common	hinglish_ipa_mapping_manual_expanded.tsv
T2-0070	token	देशवासियों		hindi	d̪eːʃʋaːsijõ	દેશવાસીઓ	noun	task2.1+task2.2_support			public audience	hinglish_ipa_mapping_manual_expanded.tsv
T2-0071	token	काम		hindi	kaːm	કામ	noun	task2.1+task2.2_support			common in transcript	hinglish_ipa_mapping_manual_expanded.tsv
T2-0072	token	दिया		hindi	d̪ijaː	આપ્યું	verb	task2.1+task2.2_support			past form	hinglish_ipa_mapping_manual_expanded.tsv
T2-0073	token	तीन		hindi	tiːn	ત્રણ	number	task2.1+task2.2_support			common	hinglish_ipa_mapping_manual_expanded.tsv
T2-0074	token	कसौटी		hindi	kəsɔʈiː	કસોટી	noun	task2.1+task2.2_support			decision criterion	hinglish_ipa_mapping_manual_expanded.tsv
T2-0075	token	अपने		hindi	əpne	પોતાના	pronoun	task2.1+task2.2_support			reflexive possessive	hinglish_ipa_mapping_manual_expanded.tsv
T2-0076	token	आप		hindi	aːp	પોતે	pronoun	task2.1+task2.2_support			reflexive in this context	hinglish_ipa_mapping_manual_expanded.tsv
T2-0077	token	तोल		hindi	toːl	તોલ	noun	task2.1+task2.2_support			scale or weighing	hinglish_ipa_mapping_manual_expanded.tsv
T2-0078	token	रखा		hindi	ɾəkʰaː	રાખ્યું	verb	task2.1+task2.2_support			past form	hinglish_ipa_mapping_manual_expanded.tsv
T2-0079	token	इंस्पिरेशन		english_loan	ɪnspɪɾeːʃən	પ્રેરણા	abstract	task2.1+task2.2_support			borrowed English	hinglish_ipa_mapping_manual_expanded.tsv
T2-0080	token	आवश्यकता		hindi	əʋəʃjəktaː	જરૂરિયાત	abstract	task2.1+task2.2_support			common in transcript	hinglish_ipa_mapping_manual_expanded.tsv
T2-0081	token	सेवा		hindi	seːʋaː	સેવા	service	task2.1+task2.2_support			public service	hinglish_ipa_mapping_manual_expanded.tsv
T2-0082	token	ऊर्जा		hindi	uːɾd͡ʒaː	ઊર્જા	abstract	task2.1+task2.2_support			common in transcript	hinglish_ipa_mapping_manual_expanded.tsv
T2-0083	token	इंजीनियर		english_loan	ɪnd͡ʒɪˈnɪəɾ	ઇજનેર	profession	task2.1+task2.2_support			borrowed English	hinglish_ipa_mapping_manual_expanded.tsv
T2-0084	token	person		english	pɜːsən	વ્યક્તિ	common	task2.1+task2.2_support			embedded English	hinglish_ipa_mapping_manual_expanded.tsv
T2-0085	token	loves		english	ləvz	પ્રેમ કરે છે	common	task2.1+task2.2_support			embedded English	hinglish_ipa_mapping_manual_expanded.tsv
T2-0086	token	mathematics		english	mɛθəˈmætɪks	ગણિત	academic	task2.1+task2.2_support			embedded English	hinglish_ipa_mapping_manual_expanded.tsv
T2-0087	token	रामानुजन		hindi_name	ɾaːmaːnud͡ʒən	રામાનુજન	name	task2.1+task2.2_support			proper noun	hinglish_ipa_mapping_manual_expanded.tsv
T2-0088	token	Indian		english	ɪnɖijən	ભારતીય	identity	task2.1+task2.2_support			embedded English	hinglish_ipa_mapping_manual_expanded.tsv
T2-0089	token	mathematician		english	mæθəməˈtɪʃən	ગણિતજ્ઞ	academic	task2.1+task2.2_support			embedded English	hinglish_ipa_mapping_manual_expanded.tsv
T2-0090	token	science		english	saɪəns	વિજ્ઞાન	academic	task2.1+task2.2_support			embedded English	hinglish_ipa_mapping_manual_expanded.tsv
T2-0091	token	spirituality		english	spɪɾɪtʃuˈælɪʈi	આધ્યાત્મિકતા	abstract	task2.1+task2.2_support			embedded English	hinglish_ipa_mapping_manual_expanded.tsv
T2-0092	token	connection		english	kəˈnɛkʃən	સંબંધ	abstract	task2.1+task2.2_support			embedded English	hinglish_ipa_mapping_manual_expanded.tsv
T2-0093	token	scientific		english	saɪənˈtɪfɪk	વૈજ્ઞાનિક	academic	task2.1+task2.2_support			embedded English	hinglish_ipa_mapping_manual_expanded.tsv
T2-0094	token	advanced		english	ədˈvaːnst	પ્રગતિશીલ	academic	task2.1+task2.2_support			embedded English	hinglish_ipa_mapping_manual_expanded.tsv
T2-0095	token	minds		english	maɪndz	મનોવૃત્તિઓ	abstract	task2.1+task2.2_support			embedded English	hinglish_ipa_mapping_manual_expanded.tsv
T2-0096	token	कट		english_loan	kʌʈ	અલગ	action	task2.1+task2.2_support			code-switched use	hinglish_ipa_mapping_manual_expanded.tsv
T2-0097	token	off		english	ɔf	અલગ	particle	task2.1+task2.2_support			in phrase cut off	hinglish_ipa_mapping_manual_expanded.tsv
T2-0098	token	श्रीनिवास		hindi_name	ʃɾiːniʋaːs	શ્રીનિવાસ	name	task2.1+task2.2_support			proper noun	hinglish_ipa_mapping_manual_expanded.tsv
T2-0099	token	कहते		hindi	keːhte	કહેતા	verb	task2.1+task2.2_support			common	hinglish_ipa_mapping_manual_expanded.tsv
T2-0100	token	उन्हें		hindi	ʊnʱẽ	તેમને	pronoun	task2.1+task2.2_support			oblique plural	hinglish_ipa_mapping_manual_expanded.tsv
T2-0101	token	mathematical		english	mæθəˈmætɪkəl	ગણિતीय	academic	task2.1+task2.2_support			embedded English	hinglish_ipa_mapping_manual_expanded.tsv
T2-0102	token	ideas		english	aɪˈdɪəz	વિચારો	abstract	task2.1+task2.2_support			embedded English	hinglish_ipa_mapping_manual_expanded.tsv
T2-0103	token	देवी		hindi	deːʋiː	દેવી	spiritual	task2.1+task2.2_support			common in transcript	hinglish_ipa_mapping_manual_expanded.tsv
T2-0104	token	पूजा		hindi	puːd͡ʒaː	પૂજા	spiritual	task2.1+task2.2_support			common in transcript	hinglish_ipa_mapping_manual_expanded.tsv
T2-0105	token	तपस्या		hindi	t̪əpəsjaː	તપસ્યા	spiritual	task2.1+task2.2_support			common in transcript	hinglish_ipa_mapping_manual_expanded.tsv
T2-0106	token	hard work		english	haːɾɖ wɜːk	કઠિન મહેનત	work	task2.1+task2.2_support			embedded English phrase	hinglish_ipa_mapping_manual_expanded.tsv
T2-0107	token	खुद		hindi	kʰʊd̪	પોતે	pronoun	task2.1+task2.2_support			common	hinglish_ipa_mapping_manual_expanded.tsv
T2-0108	token	खपा		hindi	kʰəpaː	સમર્પિત કરી દેવું	verb	task2.1+task2.2_support			contextual sense	hinglish_ipa_mapping_manual_expanded.tsv
T2-0109	token	knowledge		english	nɑlɪd͡ʒ	જ્ઞાન	academic	task2.1+task2.2_support			embedded English	hinglish_ipa_mapping_manual_expanded.tsv
T2-0110	token	sources		english	sɔːɾsɪz	સ્ત્રોતો	academic	task2.1+task2.2_support			embedded English	hinglish_ipa_mapping_manual_expanded.tsv
T2-0111	token	open		english	oːpən	ખુલ્લા	descriptor	task2.1+task2.2_support			embedded English	hinglish_ipa_mapping_manual_expanded.tsv
T2-0112	token	information		english	ɪnfəɾˈmeːʃən	માહિતી	academic	task2.1+task2.2_support			embedded English	hinglish_ipa_mapping_manual_expanded.tsv
T2-0113	token	फर्क		hindi	fəɾk	ફરક	noun	task2.1+task2.2_support			common	hinglish_ipa_mapping_manual_expanded.tsv
T2-0114	token	समझना		hindi	səməd͡ʒʱnaː	સમજવું	verb	task2.1+task2.2_support			common	hinglish_ipa_mapping_manual_expanded.tsv
T2-0115	token	विधा		hindi	ʋɪd̪ʱaː	વિભાગ અથવા પદ્ધતિ	noun	task2.1+task2.2_support			knowledge genre	hinglish_ipa_mapping_manual_expanded.tsv
T2-0116	token	processing		english	pɾaːsɛsɪŋ	પ્રક્રિયા કરવું	process	task2.1+task2.2_support			embedded English	hinglish_ipa_mapping_manual_expanded.tsv
T2-0117	token	धीरे		hindi	d̪ʱiːɾe	ધીમે	manner	task2.1+task2.2_support			common	hinglish_ipa_mapping_manual_expanded.tsv
T2-0118	token	evolve		english	iˈʋɔlʋ	વિકસવું	process	task2.1+task2.2_support			embedded English	hinglish_ipa_mapping_manual_expanded.tsv
T2-0119	token	politician		english	pɑlɪˈʈɪʃən	રાજકારણી	governance	task2.1+task2.2_support			embedded English	hinglish_ipa_mapping_manual_expanded.tsv
T2-0120	token	district		english	ɖɪsˈʈɾɪkʈ	જિલ્લો	governance	task2.1+task2.2_support			embedded English	hinglish_ipa_mapping_manual_expanded.tsv
T2-0121	token	रात्रि		hindi	ɾaːtɾi	રાત્રિ	time	task2.1+task2.2_support			common	hinglish_ipa_mapping_manual_expanded.tsv
T2-0122	token	मुकाम		hindi	mʊkaːm	મુકામ	noun	task2.1+task2.2_support			from transcript	hinglish_ipa_mapping_manual_expanded.tsv
T2-0123	token	grassroot		english	ɡɾaːsɾuːʈ	ધરાતળનું	governance	task2.1+task2.2_support			embedded English	hinglish_ipa_mapping_manual_expanded.tsv
T2-0124	token	level		english	lɛʋəl	સ્તર	governance	task2.1+task2.2_support			embedded English	hinglish_ipa_mapping_manual_expanded.tsv
T2-0125	token	first hand		english	fɝsʈ hænɖ	પ્રત્યક્ષ	governance	task2.1+task2.2_support			embedded English	hinglish_ipa_mapping_manual_expanded.tsv
T2-0126	token	निर्णय		hindi	nɪɾɳəj	નિર્ણય	governance	task2.1+task2.2_support			core term	hinglish_ipa_mapping_manual_expanded.tsv
T2-0127	token	तराजू		hindi	təɾaːd͡zuː	તારાજુ	governance	task2.1+task2.2_support			decision metaphor	hinglish_ipa_mapping_manual_expanded.tsv
T2-0128	token	देश		hindi	d̪eːʃ	દેશ	governance	task2.1+task2.2_support			core term	hinglish_ipa_mapping_manual_expanded.tsv
T2-0129	token	गरीब		hindi	ɡəɾiːb	ગરીબ	governance	task2.1+task2.2_support			core term	hinglish_ipa_mapping_manual_expanded.tsv
T2-0130	token	चेहरा		hindi	t͡ʃeːhɾaː	ચહેરો	noun	task2.1+task2.2_support			common	hinglish_ipa_mapping_manual_expanded.tsv
T2-0131	token	सही		hindi	səhiː	યોગ્ય	descriptor	task2.1+task2.2_support			common	hinglish_ipa_mapping_manual_expanded.tsv
T2-0132	token	information channel		english	ɪnfəɾˈmeːʃən tʃɛnəl	માહિતી ચેનલ	governance	task2.1+task2.2_support			embedded English phrase	hinglish_ipa_mapping_manual_expanded.tsv
T2-0133	token	brief		english	bɾiːf	બ્રીફ	governance	task2.1+task2.2_support			embedded English	hinglish_ipa_mapping_manual_expanded.tsv
T2-0134	token	निर्भर		hindi	nɪɾbʱəɾ	આધારિત	descriptor	task2.1+task2.2_support			common	hinglish_ipa_mapping_manual_expanded.tsv
T2-0135	token	विद्यार्थी		hindi	ʋɪd̪jaːɾtʰiː	વિદ્યાર્થી	education	task2.1+task2.2_support			common	hinglish_ipa_mapping_manual_expanded.tsv
T2-0136	token	भाव		hindi	bʱaːʋ	ભાવ	abstract	task2.1+task2.2_support			common	hinglish_ipa_mapping_manual_expanded.tsv
T2-0137	token	देविल advocate		mixed	dɛʋəlz ˈædʋəkeːʈ	ડેવિલ્સ એડ્વોકેટ	argument	task2.1+task2.2_support			code-switched phrase	hinglish_ipa_mapping_manual_expanded.tsv
T2-0138	token	उल्टे		hindi	ʊlʈe	ઉલટા	descriptor	task2.1+task2.2_support			common	hinglish_ipa_mapping_manual_expanded.tsv
T2-0139	token	प्रश्न		hindi	pɾəʃn	પ્રશ્ન	education	task2.1+task2.2_support			common	hinglish_ipa_mapping_manual_expanded.tsv
T2-0140	token	बारीकी		hindi	baːɾiːkiː	સૂક્ષ્મતા	analysis	task2.1+task2.2_support			common	hinglish_ipa_mapping_manual_expanded.tsv
T2-0141	token	मंथन		hindi	mən̪t̪ʰən	મંથન	analysis	task2.1+task2.2_support			common	hinglish_ipa_mapping_manual_expanded.tsv
T2-0142	token	reaction		english	ɾiˈækʃən	પ્રતિક્રિયા	analysis	task2.1+task2.2_support			embedded English	hinglish_ipa_mapping_manual_expanded.tsv
T2-0143	token	convince		english	kənˈʋɪns	વિશ્વાસમાં આવવું	analysis	task2.1+task2.2_support			embedded English	hinglish_ipa_mapping_manual_expanded.tsv
T2-0144	token	process		english	pɾaːsɛs	પ્રક્રિયા	analysis	task2.1+task2.2_support			embedded English	hinglish_ipa_mapping_manual_expanded.tsv
T2-0145	token	speed		english	spiːɖ	ઝડપ	analysis	task2.1+task2.2_support			embedded English	hinglish_ipa_mapping_manual_expanded.tsv
T2-0146	token	corona		english_loan	koːɾoːnaː	કોરોના	health	task2.1+task2.2_support			borrowed English	hinglish_ipa_mapping_manual_expanded.tsv
T2-0147	token	economist		english	iˈkɑnəmɪst	અર્થશાસ્ત્રી	economy	task2.1+task2.2_support			embedded English	hinglish_ipa_mapping_manual_expanded.tsv
T2-0148	token	political parties		english	pəˈlɪʈɪkəl paːɾʈiz	રાજકીય પક્ષો	governance	task2.1+task2.2_support			embedded English phrase	hinglish_ipa_mapping_manual_expanded.tsv
T2-0149	token	pressure		english	pɾɛʃəɾ	દબાણ	economy	task2.1+task2.2_support			embedded English	hinglish_ipa_mapping_manual_expanded.tsv
T2-0150	token	भूखा		hindi	bʱuːkʰaː	ભૂખ્યો	state	task2.1+task2.2_support			common	hinglish_ipa_mapping_manual_expanded.tsv
T2-0151	token	social tension		english	soːʃəl tɛnʃən	સામાજિક તણાવ	governance	task2.1+task2.2_support			embedded English phrase	hinglish_ipa_mapping_manual_expanded.tsv
T2-0152	token	lockdown		english	lɑkɖaːʊn	લોકડાઉન	health	task2.1+task2.2_support			embedded English	hinglish_ipa_mapping_manual_expanded.tsv
T2-0153	token	expert opinion		english	ɛkspɜːʈ əˈpɪnjən	નિષ્ણાત મત	analysis	task2.1+task2.2_support			embedded English phrase	hinglish_ipa_mapping_manual_expanded.tsv
T2-0154	token	परिस्थिति		hindi	pəɾɪst̪ʰɪt̪i	પરિસ્થિતિ	governance	task2.1+task2.2_support			core term	hinglish_ipa_mapping_manual_expanded.tsv
T2-0155	token	inflation		english	ɪnˈfleːʃən	મૂલ્યવૃદ્ધિ	economy	task2.1+task2.2_support			embedded English	hinglish_ipa_mapping_manual_expanded.tsv
T2-0156	token	संकट		hindi	səŋkəʈ	સંકટ	governance	task2.1+task2.2_support			core term	hinglish_ipa_mapping_manual_expanded.tsv
T2-0157	token	theory		english	θiəɾi	સિદ્ધાંત	analysis	task2.1+task2.2_support			embedded English	hinglish_ipa_mapping_manual_expanded.tsv
T2-0158	token	basic		english	beːsɪk	મૂળભૂત	analysis	task2.1+task2.2_support			embedded English	hinglish_ipa_mapping_manual_expanded.tsv
T2-0159	token	fundamental		english	fʌnɖəˈmɛnʈəl	મૂલ આધાર	economy	task2.1+task2.2_support			embedded English	hinglish_ipa_mapping_manual_expanded.tsv
T2-0160	token	focus		english	foːkəs	ફોકસ	analysis	task2.1+task2.2_support			embedded English	hinglish_ipa_mapping_manual_expanded.tsv
T2-0161	token	risk taking capacity		english	ɾɪsk ʈeːkɪŋ kəˈpæsɪʈi	જોખમ લેવાની ક્ષમતા	governance	task2.1+task2.2_support			embedded English phrase	hinglish_ipa_mapping_manual_expanded.tsv
T2-0162	token	ownership		english	oːnəɾʃɪp	માલિકી	governance	task2.1+task2.2_support			embedded English	hinglish_ipa_mapping_manual_expanded.tsv
T2-0163	token	गलती		hindi	ɡəlt̪i	ભૂલ	common	task2.1+task2.2_support			common in transcript	hinglish_ipa_mapping_manual_expanded.tsv
T2-0164	token	जिम्मा		hindi	d͡zɪmmaː	જવાબદારી	governance	task2.1+task2.2_support			common in transcript	hinglish_ipa_mapping_manual_expanded.tsv
T2-0165	token	team		english	ʈiːm	ટીમ	governance	task2.1+task2.2_support			embedded English	hinglish_ipa_mapping_manual_expanded.tsv
T2-0166	token	ईमानदारी		hindi	iːmaːnd̪aːɾiː	ઇમાનદારી	governance	task2.1+task2.2_support			core term	hinglish_ipa_mapping_manual_expanded.tsv
T2-0167	token	सरकार		hindi	səɾkaːɾ	સરકાર	governance	task2.1+task2.2_support			core term	hinglish_ipa_mapping_manual_expanded.tsv
T2-0168	token	अफसर		hindi	əfsəɾ	અધિકારી	governance	task2.1+task2.2_support			common in transcript	hinglish_ipa_mapping_manual_expanded.tsv
T2-0169	token	ईर्षा		hindi	iːɾʂjaː	ઇર્ષ્યા	abstract	task2.1+task2.2_support			common in transcript	hinglish_ipa_mapping_manual_expanded.tsv
T2-0170	token	तकलीफ		hindi	t̪əkliːf	તકલીફ	abstract	task2.1+task2.2_support			common in transcript	hinglish_ipa_mapping_manual_expanded.tsv
T2-0171	token	जानकारी		hindi	d͡ʒaːnkaːɾiː	માહિતી	abstract	task2.1+task2.2_support			common in transcript	hinglish_ipa_mapping_manual_expanded.tsv
T2-0172	token	आदर		hindi	aːd̪əɾ	આદર	abstract	task2.1+task2.2_support			common in transcript	hinglish_ipa_mapping_manual_expanded.tsv
T2-0173	token	महात्मा गांधी		hindi_name	məɦaːtmaː ɡaːnd̪ʱiː	મહાત્મા ગાંધી	name	task2.1+task2.2_support			reference in transcript	hinglish_ipa_mapping_manual_expanded.tsv
T2-0174	token	मंत्र		hindi	mənt̪ɾ	મંત્ર	abstract	task2.1+task2.2_support			common in transcript	hinglish_ipa_mapping_manual_expanded.tsv
T2-0175	token	ग्रासरूट		mixed	ɡɾaːsɾuːʈ	ધરાતળનું	governance	task2.1+task2.2_support			romanized loan form	hinglish_ipa_mapping_manual_expanded.tsv
T2-0176	token	गोवर्नेंस		english_loan	ɡʌʋəɾnəns	શાસન	governance	task2.1+task2.2_support			romanized loan form	hinglish_ipa_mapping_manual_expanded.tsv
T2-0177	token	फंडामेंटल		english_loan	fʌnɖəˈmɛnʈəl	મૂળભૂત આધાર	analysis	task2.1+task2.2_support			romanized loan form	hinglish_ipa_mapping_manual_expanded.tsv
T2-0178	token	कैपेसिटी		english_loan	kəˈpæsɪʈi	ક્ષમતા	analysis	task2.1+task2.2_support			romanized loan form	hinglish_ipa_mapping_manual_expanded.tsv
T2-0179	segment	तीसरा मैं कहता था मेरे लिए मैं कुछ नहीं करूंगा आज मुझे चौबीस साल हो गए		mixed_hinglish	tiːsɾaː mɛ̃ keːhtaː tʰaː meːɾe li.e mɛ̃ kʊt͡ʃ nəhĩː kəɾuːŋɡaː | aːd͡ʒ mʊd͡ʒʱe t͡ʃɔbiːs saːl hoː ɡəe	ત્રીજું, હું કહતો હતો કે હું મારા માટે કંઈ નહીં કરું; આજે મને ચોવીસ વર્ષ થઈ ગયા છે.	lecture_excerpt	task2.1+task2.2_primary	02:21:08	02:21:17	segment extracted from corrected transcript	original_excerpt_segment_ipa_gujarati.tsv
T2-0180	segment	इतने लंबे कालखंड से मैं head of the government के रूप में काम कर रहा हूं		mixed_hinglish	ɪtne ləmbe kaːlkʰəɳɖ se mɛ̃ hɛɖ ɔf ðə ɡəvənməɳʈ ke ɾuːp mẽ kaːm kəɾ ɾəhaː hũ	આટલા લાંબા સમયથી હું સરકારના વડા તરીકે કામ કરું છું.	lecture_excerpt	task2.1+task2.2_primary	02:21:17	02:21:23	segment extracted from corrected transcript	original_excerpt_segment_ipa_gujarati.tsv
T2-0181	segment	देशवासियों ने मुझे काम दिया है मेरे इन तीन कसौटियों पर मैंने अपने आप को तोल कर रखा है और मेरी inspiration लोगों की सेवा उनकी aspiration और उनकी आवश्यकता है		mixed_hinglish	d̪eːʃʋaːsijõ ne mʊd͡ʒʱe kaːm d̪ijaː hɛ | meːɾe ɪn tiːn kəsɔʈijõ pəɾ mɛ̃ne əpne aːp ko toːl kəɾ ɾəkʰaː hɛ | ɔɾ meːɾi ɪnspɪɾeːʃən loːɡõ ki seːʋaː ʊnki æspɪɾeːʃən ɔɾ ʊnki əʋəʃjəktaː hɛ	દેશવાસીઓએ મને કામ આપ્યું છે; હું મારા કામને ત્રણ કસોટીઓ પર તોલું છું, અને મારી પ્રેરણા લોકોની સેવા, તેમની આકાંક્ષા અને તેમની જરૂરિયાત છે.	lecture_excerpt	task2.1+task2.2_primary	02:21:23	02:21:37	segment extracted from corrected transcript	original_excerpt_segment_ipa_gujarati.tsv
T2-0182	segment	आज भी मेरी ऊर्जा वही है जी मी एज एन engineer अ person who loves mathematics		mixed_hinglish	aːd͡ʒ bʱiː meːɾi uːɾd͡ʒaː ʋəɦiː hɛ | d͡ʒiː miː eːd͡ʒ ɛn ɪnd͡ʒɪˈnɪəɾ ə pɜːsən huː ləvz mɛθəˈmætɪks	આજે પણ મારી ઊર્જા એ જ છે; હું એક ઇજનેર છું અને ગણિતને પ્રેમ કરનાર વ્યક્તિ છું.	lecture_excerpt	task2.1+task2.2_primary	02:21:37	02:21:55	segment extracted from corrected transcript	original_excerpt_segment_ipa_gujarati.tsv
T2-0183	segment	रामानुजन एक Indian mathematician थे और मैं उनका बहुत आदर करता हूं क्योंकि science और spirituality के बीच बड़ा connection है		mixed_hinglish	ɾaːmaːnud͡ʒən eːk ɪnɖijən mæθəməˈtɪʃən tʰeː | ɔɾ mɛ̃ ʊnkaː bəhʊt aːd̪əɾ kəɾtaː hũ kjõki saɪəns ɔɾ spɪɾɪtʃuˈælɪʈi ke biːt͡ʃ bəɽaː kəˈnɛkʃən hɛ	રામાનુજન એક ભારતીય ગણિતજ્ઞ હતા; હું તેમનો ઘણો આદર કરું છું, કારણ કે વિજ્ઞાન અને આધ્યાત્મ વચ્ચે ઊંડો સંબંધ છે.	lecture_excerpt	task2.1+task2.2_primary	02:21:55	02:22:15	segment extracted from corrected transcript	original_excerpt_segment_ipa_gujarati.tsv
T2-0184	segment	बहुत से scientific advanced minds spiritual भी होते हैं वह cut off नहीं होते हैं		mixed_hinglish	bəhʊt se saɪənˈtɪfɪk ədˈvaːnst maɪndz spɪɾɪtʃuəl bʱiː hoːte hɛ̃ | ʋeː kʌʈ ɔf nəhĩː hoːte hɛ̃	ઘણા વૈજ્ઞાનિક રીતે પ્રગતિશીલ મનોવૃત્તિ ધરાવતા લોકો આધ્યાત્મિક પણ હોય છે; તેઓ સંપૂર્ણપણે અલગ પડેલા નથી.	lecture_excerpt	task2.1+task2.2_primary	02:22:15	02:22:31	segment extracted from corrected transcript	original_excerpt_segment_ipa_gujarati.tsv
T2-0185	segment	श्रीनिवास रामानुजम कहते थे कि उन्हें mathematical ideas उस देवी से आते हैं जिसकी वह पूजा करते हैं और तपस्या सिर्फ hard work नहीं है		mixed_hinglish	ʃɾiːniʋaːs ɾaːmaːnud͡ʒəm keːhte tʰeː ki ʊnʱẽ mæθəməˈtɪkəl aɪˈdɪəz ʊs deːʋi se aːte hɛ̃ d͡ʒiski ʋəɦ puːd͡ʒaː kəɾte hɛ̃ | ɔɾ t̪əpəsjaː sɪɾf haːɾɖ wɜːk nəhĩː hɛ	શ્રીનિવાસ રામાનુજમ કહેતા હતા કે તેમને ગણિતીય વિચારો તેમની પૂજ્ય દેવી પાસેથી મળે છે, અને તપસ્યા માત્ર કઠિન મહેનત નથી.	lecture_excerpt	task2.1+task2.2_primary	02:22:31	02:22:56	segment extracted from corrected transcript	original_excerpt_segment_ipa_gujarati.tsv
T2-0186	segment	एक काम के लिए खुद को खपा देना और knowledge के जितने ज्यादा sources के लिए अपने open होंगे उतने ज्यादा ideas आएंगे		mixed_hinglish	eːk kaːm ke li.e kʰʊd̪ ko kʰəpaː d̪eːnaː | ɔɾ nɑlɪd͡ʒ ke d͡ʒɪtne d͡ʒjaːd̪aː sɔːɾsɪz ke li.e əpne oːpən hõge ʊtne d͡ʒjaːd̪aː aɪˈdɪəz aːẽge	એક કાર્ય માટે પોતાને સમર્પિત કરી દેવું જોઈએ; અને જેટલા વધુ જ્ઞાનના સ્ત્રોતો માટે આપણે ખુલ્લા થઈશું, એટલા વધુ વિચારો આવશે.	lecture_excerpt	task2.1+task2.2_primary	02:22:56	02:23:20	segment extracted from corrected transcript	original_excerpt_segment_ipa_gujarati.tsv
T2-0187	segment	information और knowledge के बीच फर्क समझना चाहिए knowledge एक विधा है जो processing के बाद धीरे धीरे evolve होती है		mixed_hinglish	ɪnfəɾˈmeːʃən ɔɾ nɑlɪd͡ʒ ke biːt͡ʃ fəɾk səməd͡ʒʱnaː tʃaːhi.e | nɑlɪd͡ʒ eːk ʋɪd̪ʱaː hɛ d͡ʒoː pɾaːsɛsɪŋ ke baːd̪ d̪ʱiːɾe d̪ʱiːɾe iˈʋɔlʋ hoːti hɛ	માહિતી અને જ્ઞાન વચ્ચેનો ફરક સમજવો જોઈએ; જ્ઞાન એક એવી પ્રક્રિયાથી વિકસે છે જે ધીમે ધીમે પરિપક્વ બને છે.	lecture_excerpt	task2.1+task2.2_primary	02:23:20	02:23:43	segment extracted from corrected transcript	original_excerpt_segment_ipa_gujarati.tsv
T2-0188	segment	मैं ऐसा politician हूं जिसने 85 से 90 district में रात्रि मुकाम किया है इसलिए मेरे पास grassroot level की first hand information है		mixed_hinglish	mɛ̃ ɛsaː pɑlɪˈʈɪʃən hũ d͡ʒɪsne pət͡ʃaːsiː se nəʋe ɖɪsˈʈɾɪkʈ mẽ ɾaːtɾi mʊkaːm kɪjaː hɛ | ɪsli.e meːɾe paːs ɡɾaːsɾuːʈ lɛʋəl ki fɝsʈ hænɖ ɪnfəɾˈmeːʃən hɛ	હું એવો રાજકારણી છું જેણે 85થી 90 જિલ્લાઓમાં રાત્રિ મુકામ કર્યો છે; તેથી મારી પાસે ધરાતળ સ્તરની પ્રત્યક્ષ માહિતી છે.	lecture_excerpt	task2.1+task2.2_primary	02:24:20	02:24:59	segment extracted from corrected transcript	original_excerpt_segment_ipa_gujarati.tsv
T2-0189	segment	निर्णय करने में मेरा तराजू है देश सबसे पहले और अगर उलझन हो तो गरीब का चेहरा याद करो तब निर्णय सही होगा		mixed_hinglish	nɪɾɳəj kəɾne mẽ meːɾaː təɾaːd͡zuː hɛ d̪eːʃ səbse pəhle | ɔɾ əɡəɾ ʊld͡ʒʱən hoː toː ɡəɾiːb kaː t͡ʃeːhɾaː jaːd̪ kəɾoː t̪əb nɪɾɳəj səhiː hoːɡaː	નિર્ણય કરતી વખતે મારી કસોટી એ છે કે દેશ સૌ પ્રથમ આવે; અને જો મૂંઝવણ હોય તો ગરીબ માણસનો ચહેરો યાદ કરવો, ત્યારે નિર્ણય યોગ્ય બને.	lecture_excerpt	task2.1+task2.2_primary	02:25:07	02:25:55	segment extracted from corrected transcript	original_excerpt_segment_ipa_gujarati.tsv
T2-0190	segment	मेरे information channel बहुत हैं मैं brief पर निर्भर नहीं रहता विद्यार्थी भाव से पूछता हूं और कभी devil advocate बनकर उल्टे प्रश्न भी करता हूं		mixed_hinglish	meːɾe ɪnfəɾˈmeːʃən tʃɛnəl bəhʊt hɛ̃ | mɛ̃ bɾiːf pəɾ nɪɾbʱəɾ nəhĩː ɾehtaː | ʋɪd̪jaːɾtʰi bʱaːʋ se puːt͡ʃt̪aː hũ ɔɾ kəbʱi dɛʋəlz ˈædʋəkeːʈ bənkəɾ ʊlʈe pɾəʃn bʱiː kəɾtaː hũ	મારા માહિતી ચેનલો બહુ છે; હું માત્ર બ્રીફ પર આધાર રાખતો નથી, વિદ્યાર્થીભાવથી પૂછું છું અને ક્યારેક ડેવિલ્સ એડ્વોકેટ બનીને ઉલ્ટા પ્રશ્નો પણ કરું છું.	lecture_excerpt	task2.1+task2.2_primary	02:26:04	02:26:54	segment extracted from corrected transcript	original_excerpt_segment_ipa_gujarati.tsv
T2-0191	segment	बहुत बारीकी से मंथन करना पड़ता है reaction देखता हूं और जब convince हो जाता हूं तो process बहुत speed से चलती है		mixed_hinglish	bəhʊt baːɾiːki se mən̪t̪ʰən kəɾnaː pəɽt̪aː hɛ | ɾiˈækʃən d̪eːkʰt̪aː hũ | ɔɾ d͡ʒəb kənˈʋɪns hoː d͡ʒaːt̪aː hũ toː pɾaːsɛs bəhʊt spiːɖ se t͡ʃəlt̪i hɛ	ઘણી બારીકીથી મંથન કરવું પડે છે; હું પ્રતિક્રિયાઓ જોઉં છું, અને જ્યારે મને વિશ્વાસ થાય છે ત્યારે પ્રક્રિયા ખૂબ ઝડપથી આગળ વધે છે.	lecture_excerpt	task2.1+task2.2_primary	02:27:00	02:27:44	segment extracted from corrected transcript	original_excerpt_segment_ipa_gujarati.tsv
T2-0192	segment	corona के समय economist और political parties pressure डालते थे लेकिन मैंने गरीब को भूखा सोने नहीं देने और social tension न बढ़ने देने का निर्णय किया		mixed_hinglish	koːɾoːnaː ke səmaj iˈkɑnəmɪst ɔɾ pəˈlɪʈɪkəl paːɾʈiz pɾɛʃəɾ ɖaːlte tʰeː | leːkɪn mɛ̃ne ɡəɾiːb ko bʱuːkʰaː soːne nəhĩː d̪eːne ɔɾ soːʃəl tɛnʃən nə bəɽʱne d̪eːne kaː nɪɾɳəj kɪjaː	કોરોના સમય દરમિયાન અર્થશાસ્ત્રીઓ અને રાજકીય પક્ષો દબાણ કરતા હતા, પરંતુ મેં ગરીબને ભૂખ્યા સુવા ન દેવાનો અને સામાજિક તણાવ ન વધવા દેવાનો નિર્ણય કર્યો.	lecture_excerpt	task2.1+task2.2_primary	02:27:54	02:28:45	segment extracted from corrected transcript	original_excerpt_segment_ipa_gujarati.tsv
T2-0193	segment	lockdown के समय दुनिया pressure कर रही थी पर मैंने expert opinion सुनकर भी देश की परिस्थिति के अनुसार निर्णय लिया और inflation से बचाया		mixed_hinglish	lɑkɖaːʊn ke səmaj d̪ʊnijaː pɾɛʃəɾ kəɾ ɾəhiː tʰiː | pəɾ mɛ̃ne ɛkspɜːʈ əˈpɪnjən sʊnkəɾ bʱiː d̪eːʃ ki pəɾɪst̪ʰɪt̪i ke ənu.saːɾ nɪɾɳəj lɪjaː ɔɾ ɪnˈfleːʃən se bət͡ʃaːjaː	લોકડાઉનના સમયમાં દુનિયા દબાણ કરી રહી હતી, છતાં મેં નિષ્ણાતોની સલાહ સાંભળીને પણ દેશની પરિસ્થિતિ અનુસાર નિર્ણય લીધો અને મૂલ્યવૃદ્ધિથી બચાવવાનો પ્રયાસ કર્યો.	lecture_excerpt	task2.1+task2.2_primary	02:28:45	02:29:40	segment extracted from corrected transcript	original_excerpt_segment_ipa_gujarati.tsv
T2-0194	segment	संकट के समय दुनिया भर की theory लागू करने के मोह में पड़े बिना मैंने basic fundamental पर focus किया		mixed_hinglish	səŋkəʈ ke səmaj d̪ʊnijaː bʱəɾ ki θiəɾi laːɡuː kəɾne ke moːh mẽ pəɽe bɪnaː mɛ̃ne beːsɪk fʌnɖəˈmɛnʈəl pəɾ foːkəs kɪjaː	સંકટના સમયમાં દુનિયાભરની થિયરીઓને અંધપણે લાગુ કરવાની લાલચમાં પડ્યા વગર મેં મૂળભૂત આધારબિંદુઓ પર ફોકસ કર્યું.	lecture_excerpt	task2.1+task2.2_primary	02:29:49	02:30:14	segment extracted from corrected transcript	original_excerpt_segment_ipa_gujarati.tsv
T2-0195	segment	मेरी risk taking capacity बहुत है मैं ownership लेता हूं गलती हो तो जिम्मा खुद लेता हूं और team मेरे साथ खड़ी रहती है		mixed_hinglish	meːɾi ɾɪsk ʈeːkɪŋ kəˈpæsɪʈi bəhʊt hɛ | mɛ̃ oːnəɾʃɪp leːt̪aː hũ | ɡəlt̪i hoː toː d͡zɪmmaː kʰʊd̪ leːt̪aː hũ ɔɾ ʈiːm meːɾe saːtʰ kʰəɽi ɾeht̪i hɛ	મારી જોખમ લેવાની ક્ષમતા બહુ છે; હું માલિકી લઈ લઉં છું, ભૂલ થાય તો જવાબદારી પોતે સ્વીકારું છું, અને ટીમ મારા સાથે મજબૂત ઉભી રહે છે.	lecture_excerpt	task2.1+task2.2_primary	02:30:24	02:30:59	segment extracted from corrected transcript	original_excerpt_segment_ipa_gujarati.tsv
T2-0196	phrase	तीसरा मैं कहता था कि मेरे लिए मैं कुछ नहीं करूंगा।		mixed_hinglish		ત્રીજું, હું કહેતો હતો કે હું મારા માટે કંઈ નહીં કરું.	service	task2.2_primary			parallel corpus row	parallel_corpus_hinglish_gujarati_500_words.tsv
T2-0197	phrase	आज मुझे चौबीस साल हो गए और इतने लंबे कालखंड से मैं सार्वजनिक जीवन में काम कर रहा हूं।		mixed_hinglish		આજે મને ચોવીસ વર્ષ થઈ ગયા છે અને આટલા લાંબા સમયથી હું જાહેર જીવનમાં કામ કરું છું.	service	task2.2_primary			parallel corpus row	parallel_corpus_hinglish_gujarati_500_words.tsv
T2-0198	phrase	देशवासियों ने मुझे काम दिया है और मैंने अपने आप को कसौटियों पर तौल कर रखा है।		mixed_hinglish		દેશવાસીઓએ મને કામ આપ્યું છે અને મેં મારા જાતને કસોટીઓ પર તોલ્યો છે.	service	task2.2_primary			parallel corpus row	parallel_corpus_hinglish_gujarati_500_words.tsv
T2-0199	phrase	मेरी प्रेरणा लोगों की सेवा, उनकी आकांक्षा और उनकी आवश्यकता है।		mixed_hinglish		મારી પ્રેરણા લોકોની સેવા, તેમની આકાંક્ષા અને તેમની જરૂરિયાત છે.	service	task2.2_primary			parallel corpus row	parallel_corpus_hinglish_gujarati_500_words.tsv
T2-0200	phrase	आज भी मेरी ऊर्जा वही है और मैं अपने काम को उसी भावना से देखता हूं।		mixed_hinglish		આજે પણ મારી ઊર્જા એ જ છે અને હું મારા કાર્યને એ જ ભાવનાથી જોઉં છું.	motivation	task2.2_primary			parallel corpus row	parallel_corpus_hinglish_gujarati_500_words.tsv
T2-0201	phrase	मैं एक engineer हूं और mathematics से प्रेम करने वाला व्यक्ति हूं।		mixed_hinglish		હું એક ઇજનેર છું અને ગણિતને પ્રેમ કરનાર વ્યક્તિ છું.	identity	task2.2_primary			parallel corpus row	parallel_corpus_hinglish_gujarati_500_words.tsv
T2-0202	phrase	रामानुजन एक Indian mathematician थे और उनका जीवन मेरे लिए प्रेरणा है।		mixed_hinglish		રામાનુજન એક ભારતીય ગણિતજ્ઞ હતા અને તેમનું જીવન મારા માટે પ્રેરણા છે.	science	task2.2_primary			parallel corpus row	parallel_corpus_hinglish_gujarati_500_words.tsv
T2-0203	phrase	मैं उनका बहुत आदर करता हूं क्योंकि science और spirituality के बीच गहरा connection है।		mixed_hinglish		હું તેમનો ઘણો આદર કરું છું કારણ કે વિજ્ઞાન અને આધ્યાત્મ વચ્ચે ઊંડો સંબંધ છે.	science	task2.2_primary			parallel corpus row	parallel_corpus_hinglish_gujarati_500_words.tsv
T2-0204	phrase	बहुत से scientific advanced minds spiritual भी होते हैं और वे कट ऑफ नहीं होते।		mixed_hinglish		ઘણા વૈજ્ઞાનિક રીતે પ્રગતિશીલ મનોવૃત્તિ ધરાવતા લોકો આધ્યાત્મિક પણ હોય છે અને તેઓ સંપૂર્ણપણે અલગ પડતા નથી.	science	task2.2_primary			parallel corpus row	parallel_corpus_hinglish_gujarati_500_words.tsv
T2-0205	phrase	श्रीनिवास रामानुजम कहते थे कि mathematical ideas उन्हें उनकी उपासना से प्राप्त होते हैं।		mixed_hinglish		શ્રીનિવાસ રામાનુજમ કહેતા હતા કે તેમને ગણિતીય વિચારો તેમની ઉપાસનાથી પ્રાપ્ત થતા હતા.	science	task2.2_primary			parallel corpus row	parallel_corpus_hinglish_gujarati_500_words.tsv
T2-0206	phrase	तपस्या केवल hard work नहीं है बल्कि किसी एक काम के लिए स्वयं को समर्पित कर देना है।		mixed_hinglish		તપસ્યા માત્ર કઠિન મહેનત નથી, પરંતુ એક કાર્ય માટે પોતાને સંપૂર્ણ સમર્પિત કરી દેવું છે.	spirituality	task2.2_primary			parallel corpus row	parallel_corpus_hinglish_gujarati_500_words.tsv
T2-0207	phrase	जितने ज्यादा knowledge sources के लिए हम open होंगे उतने ज्यादा ideas हमारे पास आएंगे।		mixed_hinglish		જેટલા વધુ જ્ઞાનના સ્ત્રોતો માટે આપણે ખુલ્લા થઈશું, એટલા વધુ વિચારો અમારા પાસે આવશે.	knowledge	task2.2_primary			parallel corpus row	parallel_corpus_hinglish_gujarati_500_words.tsv
T2-0208	phrase	information और knowledge के बीच फर्क समझना बहुत जरूरी है।		mixed_hinglish		માહિતી અને જ્ઞાન વચ્ચેનો ફરક સમજવો ખૂબ જરૂરી છે.	knowledge	task2.2_primary			parallel corpus row	parallel_corpus_hinglish_gujarati_500_words.tsv
T2-0209	phrase	knowledge एक ऐसी विधा है जो processing के बाद धीरे धीरे evolve होती है।		mixed_hinglish		જ્ઞાન એવી પ્રક્રિયા છે જે પ્રક્રિયા બાદ ધીમે ધીમે વિકસે છે.	knowledge	task2.2_primary			parallel corpus row	parallel_corpus_hinglish_gujarati_500_words.tsv
T2-0210	phrase	मैं ऐसा politician हूं जिसने पचासी से नब्बे district में रात्रि मुकाम किया है।		mixed_hinglish		હું એવો રાજકારણી છું જેણે પંચ્યાસીથી નવ્વાં જિલ્લાઓમાં રાત્રિ મુકામ કર્યો છે.	governance	task2.2_primary			parallel corpus row	parallel_corpus_hinglish_gujarati_500_words.tsv
T2-0211	phrase	इसलिए मेरे पास grassroot level की first hand information उपलब्ध है।		mixed_hinglish		તે કારણે મારી પાસે ધરાતળ સ્તરની પ્રત્યક્ષ માહિતી ઉપલબ્ધ છે.	governance	task2.2_primary			parallel corpus row	parallel_corpus_hinglish_gujarati_500_words.tsv
T2-0212	phrase	निर्णय करने में मेरा तराजू है कि देश सबसे पहले आता है।		mixed_hinglish		નિર્ણય કરતી વખતે મારી કસોટી એ છે કે દેશ સૌ પ્રથમ આવે છે.	decision	task2.2_primary			parallel corpus row	parallel_corpus_hinglish_gujarati_500_words.tsv
T2-0213	phrase	अगर उलझन हो तो गरीब का चेहरा याद करो और सोचो कि निर्णय उसके काम आएगा या नहीं।		mixed_hinglish		જો મૂંઝવણ હોય તો ગરીબનો ચહેરો યાદ કરો અને વિચારો કે નિર્ણય તેના કામ આવશે કે નહીં.	decision	task2.2_primary			parallel corpus row	parallel_corpus_hinglish_gujarati_500_words.tsv
T2-0214	phrase	मेरे information channel बहुत हैं और वे बहुत live हैं इसलिए मुझे अनेक स्रोतों से जानकारी मिलती है।		mixed_hinglish		મારા માહિતી ચેનલો બહુ છે અને તેઓ ખૂબ સક્રિય છે, તેથી મને અનેક સ્ત્રોતોથી જાણકારી મળે છે.	governance	task2.2_primary			parallel corpus row	parallel_corpus_hinglish_gujarati_500_words.tsv
T2-0215	phrase	मैं केवल brief पर निर्भर नहीं रहता बल्कि विद्यार्थी भाव से प्रश्न पूछता हूं।		mixed_hinglish		હું માત્ર બ્રીફ પર આધાર રાખતો નથી, પરંતુ વિદ્યાર્થીભાવથી પ્રશ્નો પૂછું છું.	decision	task2.2_primary			parallel corpus row	parallel_corpus_hinglish_gujarati_500_words.tsv
T2-0216	phrase	कभी कभी मैं devil advocate बनकर उल्टे प्रश्न भी करता हूं ताकि बात की गहराई समझ सकूं।		mixed_hinglish		ક્યારેક હું ડેવિલ્સ એડ્વોકેટ બનીને ઉલ્ટા પ્રશ્નો પણ કરું છું જેથી વાતની ઊંડાણપૂર્વક સમજ મળી શકે.	decision	task2.2_primary			parallel corpus row	parallel_corpus_hinglish_gujarati_500_words.tsv
T2-0217	phrase	बहुत बारीकी से मंथन करना पड़ता है और फिर reaction देखकर निर्णय लेना पड़ता है।		mixed_hinglish		ઘણી બારીકીથી મંથન કરવું પડે છે અને પછી પ્રતિક્રિયા જોઈને નિર્ણય લેવો પડે છે.	decision	task2.2_primary			parallel corpus row	parallel_corpus_hinglish_gujarati_500_words.tsv
T2-0218	phrase	जब मैं convince हो जाता हूं तब process बहुत speed से आगे बढ़ती है।		mixed_hinglish		જ્યારે મને ખાતરી થાય છે ત્યારે પ્રક્રિયા ખૂબ ઝડપથી આગળ વધે છે.	decision	task2.2_primary			parallel corpus row	parallel_corpus_hinglish_gujarati_500_words.tsv
T2-0219	phrase	corona के समय economist और political parties दोनों pressure डाल रहे थे।		mixed_hinglish		કોરોના સમયે અર્થશાસ્ત્રીઓ અને રાજકીય પક્ષો બંને દબાણ કરી રહ્યા હતા.	covid	task2.2_primary			parallel corpus row	parallel_corpus_hinglish_gujarati_500_words.tsv
T2-0220	phrase	लेकिन मैंने यह तय किया कि गरीब भूखा नहीं सोएगा और social tension नहीं बढ़ने दूंगा।		mixed_hinglish		પરંતુ મેં નક્કી કર્યું કે ગરીબ ભૂખ્યો નહીં સૂએ અને સામાજિક તણાવ વધવા નહીં દઉં.	covid	task2.2_primary			parallel corpus row	parallel_corpus_hinglish_gujarati_500_words.tsv
T2-0221	phrase	दुनिया lockdown में थी और लोग तरह तरह की economic theory लागू करने का दबाव बना रहे थे।		mixed_hinglish		દુનિયા લોકડાઉનમાં હતી અને લોકો વિવિધ આર્થિક સિદ્ધાંતો લાગુ કરવાની દબાણ કરી રહ્યા હતા.	economy	task2.2_primary			parallel corpus row	parallel_corpus_hinglish_gujarati_500_words.tsv
T2-0222	phrase	मैंने expert opinion सुना लेकिन निर्णय अपने देश की परिस्थिति के अनुसार लिया।		mixed_hinglish		મેં નિષ્ણાતોનું મત સાંભળ્યું, પરંતુ નિર્ણય મારા દેશની પરિસ્થિતિ અનુસાર લીધો.	economy	task2.2_primary			parallel corpus row	parallel_corpus_hinglish_gujarati_500_words.tsv
T2-0223	phrase	मेरे अनुभव और स्थानीय जरूरतों को मिलाकर मैंने अपनी व्यवस्था विकसित की।		mixed_hinglish		મારા અનુભવ અને સ્થાનિક જરૂરિયાતોને મિલાવીને મેં મારી વ્યવસ્થા વિકસાવી.	economy	task2.2_primary			parallel corpus row	parallel_corpus_hinglish_gujarati_500_words.tsv
T2-0224	phrase	इसी कारण मेरे देश ने inflation की समस्या को अपेक्षाकृत कम झेला।		mixed_hinglish		આ જ કારણથી મારા દેશમાં મૂલ્યવૃદ્ધિની સમસ્યા તુલનાત્મક રીતે ઓછી રહી.	economy	task2.2_primary			parallel corpus row	parallel_corpus_hinglish_gujarati_500_words.tsv
T2-0225	phrase	कोविड के बाद भी देश तेजी से प्रगति करने वाली बड़ी economy में बना रहा।		mixed_hinglish		કોવિડ પછી પણ દેશ તેજીથી પ્રગતિ કરનારી મોટી અર્થવ્યવસ્થામાં રહ્યો.	economy	task2.2_primary			parallel corpus row	parallel_corpus_hinglish_gujarati_500_words.tsv
T2-0226	phrase	संकट के समय दुनिया भर की theory लागू करने के मोह में पड़ना जरूरी नहीं होता।		mixed_hinglish		સંકટના સમયમાં દુનિયાભરની થિયરી લાગુ કરવાની લાલચમાં પડવું જરૂરી નથી.	economy	task2.2_primary			parallel corpus row	parallel_corpus_hinglish_gujarati_500_words.tsv
T2-0227	phrase	मैंने basic fundamental पर focus किया और उसी पर टिके रहकर काम किया।		mixed_hinglish		મેં મૂળભૂત આધારબિંદુઓ પર ફોકસ કર્યું અને એ જ આધાર પર કામ કર્યું.	economy	task2.2_primary			parallel corpus row	parallel_corpus_hinglish_gujarati_500_words.tsv
T2-0228	phrase	मेरी risk taking capacity बहुत है और मैं देशहित में कठिन निर्णय लेने को तैयार रहता हूं।		mixed_hinglish		મારી જોખમ લેવાની ક્ષમતા બહુ છે અને હું દેશહિતમાં કઠિન નિર્ણયો લેવા તૈયાર રહું છું.	leadership	task2.2_primary			parallel corpus row	parallel_corpus_hinglish_gujarati_500_words.tsv
T2-0229	phrase	मैं ownership लेता हूं और गलती हो तो जिम्मा खुद अपने ऊपर लेता हूं।		mixed_hinglish		હું માલિકી સ્વીકારું છું અને ભૂલ થાય તો જવાબદારી પોતે સ્વીકારું છું.	leadership	task2.2_primary			parallel corpus row	parallel_corpus_hinglish_gujarati_500_words.tsv
T2-0230	phrase	जब नेता ownership लेता है तो team भी समर्पण के साथ उसके साथ खड़ी रहती है।		mixed_hinglish		જ્યારે નેતા માલિકી લે છે ત્યારે ટીમ પણ સમર્પિત ભાવથી તેની સાથે ઉભી રહે છે.	leadership	task2.2_primary			parallel corpus row	parallel_corpus_hinglish_gujarati_500_words.tsv
T2-0231	phrase	ईमानदारी से लिया गया निर्णय लंबे समय में भरोसा पैदा करता है।		mixed_hinglish		ઇમાનદારીથી લેવાયેલ નિર્ણય લાંબા ગાળામાં વિશ્વાસ પેદા કરે છે.	leadership	task2.2_primary			parallel corpus row	parallel_corpus_hinglish_gujarati_500_words.tsv
T2-0232	phrase	मेरे लिए सेवा, ज्ञान, अनुशासन और निर्णय क्षमता एक दूसरे से जुड़े हुए मूल्य हैं।		mixed_hinglish		મારા માટે સેવા, જ્ઞાન, શિસ્ત અને નિર્ણયક્ષમતા પરસ્પર જોડાયેલા મૂલ્યો છે.	summary	task2.2_primary			parallel corpus row	parallel_corpus_hinglish_gujarati_500_words.tsv
T2-0233	term	वाक् पहचान	speech recognition	mixed_lexicon		વાણી ઓળખ	stt	task2.2_support			core task	technical_terms_en_hi_gu_lexicon_starter.csv
T2-0234	term	स्वचालित वाक् पहचान	automatic speech recognition	mixed_lexicon		સ્વચાલિત વાણી ઓળખ	stt	task2.2_support			core task	technical_terms_en_hi_gu_lexicon_starter.csv
T2-0235	term	भाषा पहचान	language identification	mixed_lexicon		ભાષા ઓળખ	lid	task2.2_support			core task	technical_terms_en_hi_gu_lexicon_starter.csv
T2-0236	term	कोड स्विचिंग	code switching	mixed_lexicon		કોડ સ્વીચિંગ	lid	task2.2_support			core task	technical_terms_en_hi_gu_lexicon_starter.csv
T2-0237	term	प्रतिलेख	transcript	mixed_lexicon		ટ્રાન્સક્રિપ્ટ	text	task2.2_support			output artifact	technical_terms_en_hi_gu_lexicon_starter.csv
T2-0238	term	लिप्यंतरण	transcription	mixed_lexicon		લિપ્યંતરણ	text	task2.2_support			conversion process	technical_terms_en_hi_gu_lexicon_starter.csv
T2-0239	term	अनुवाद	translation	mixed_lexicon		અનુવાદ	translation	task2.2_support			core task	technical_terms_en_hi_gu_lexicon_starter.csv
T2-0240	term	ध्वनिम	phoneme	mixed_lexicon		ધ્વનિમ	phonetics	task2.2_support			core unit	technical_terms_en_hi_gu_lexicon_starter.csv
T2-0241	term	वर्ण	grapheme	mixed_lexicon		અક્ષર	phonetics	task2.2_support			text unit	technical_terms_en_hi_gu_lexicon_starter.csv
T2-0242	term	अक्षरखंड	syllable	mixed_lexicon		અક્ષરખંડ	phonetics	task2.2_support			prosody related	technical_terms_en_hi_gu_lexicon_starter.csv
T2-0243	term	फ्रेम	frame	mixed_lexicon		ફ્રેમ	features	task2.2_support			analysis unit	technical_terms_en_hi_gu_lexicon_starter.csv
T2-0244	term	फ्रेम शिफ्ट	frame shift	mixed_lexicon		ફ્રેમ શિફ્ટ	features	task2.2_support			window hop	technical_terms_en_hi_gu_lexicon_starter.csv
T2-0245	term	सैम्पलिंग दर	sampling rate	mixed_lexicon		સેમ્પલિંગ દર	audio	task2.2_support			audio setup	technical_terms_en_hi_gu_lexicon_starter.csv
T2-0246	term	लक्षण निष्कर्षण	feature extraction	mixed_lexicon		લક્ષણ નિષ્કર્ષણ	features	task2.2_support			processing stage	technical_terms_en_hi_gu_lexicon_starter.csv
T2-0247	term	स्पेक्ट्रम	spectrum	mixed_lexicon		સ્પેક્ટ્રમ	features	task2.2_support			frequency domain	technical_terms_en_hi_gu_lexicon_starter.csv
T2-0248	term	सेप्स्ट्रम	cepstrum	mixed_lexicon		કેપ્સ્ટ્રમ	features	task2.2_support			cepstral domain	technical_terms_en_hi_gu_lexicon_starter.csv
T2-0249	term	मेल सेप्स्ट्रम	mel cepstrum	mixed_lexicon		મેલ કેપ્સ્ટ્રમ	features	task2.2_support			tts metric related	technical_terms_en_hi_gu_lexicon_starter.csv
T2-0250	term	पिच	pitch	mixed_lexicon		પિચ	prosody	task2.2_support			f0 related	technical_terms_en_hi_gu_lexicon_starter.csv
T2-0251	term	ऊर्जा	energy	mixed_lexicon		ઊર્જા	prosody	task2.2_support			intensity related	technical_terms_en_hi_gu_lexicon_starter.csv
T2-0252	term	मूल आवृत्ति	fundamental frequency	mixed_lexicon		મૂળ આવર્તન	prosody	task2.2_support			f0 term	technical_terms_en_hi_gu_lexicon_starter.csv
T2-0253	term	स्पीकर एम्बेडिंग	speaker embedding	mixed_lexicon		વક્તા એમ્બેડિંગ	speaker	task2.2_support			part 3	technical_terms_en_hi_gu_lexicon_starter.csv
T2-0254	term	डी वेक्टर	d-vector	mixed_lexicon		ડી વેક્ટર	speaker	task2.2_support			embedding type	technical_terms_en_hi_gu_lexicon_starter.csv
T2-0255	term	एक्स वेक्टर	x-vector	mixed_lexicon		એક્સ વેક્ટર	speaker	task2.2_support			embedding type	technical_terms_en_hi_gu_lexicon_starter.csv
T2-0256	term	वॉइस क्लोनिंग	voice cloning	mixed_lexicon		અવાજ નકલ	tts	task2.2_support			part 3	technical_terms_en_hi_gu_lexicon_starter.csv
T2-0257	term	वाक् संश्लेषण	speech synthesis	mixed_lexicon		વાણી સિન્થેસિસ	tts	task2.2_support			core generation	technical_terms_en_hi_gu_lexicon_starter.csv
T2-0258	term	जीरो शॉट क्लोनिंग	zero shot cloning	mixed_lexicon		ઝીરો શોટ ક્લોનિંગ	tts	task2.2_support			part 3	technical_terms_en_hi_gu_lexicon_starter.csv
T2-0259	term	सरेखण	alignment	mixed_lexicon		સંરેખણ	alignment	task2.2_support			sequence mapping	technical_terms_en_hi_gu_lexicon_starter.csv
T2-0260	term	डायनमिक टाइम वॉर्पिंग	dynamic time warping	mixed_lexicon		ડાયનામિક ટાઈમ વોર્પિંગ	alignment	task2.2_support			prosody transfer	technical_terms_en_hi_gu_lexicon_starter.csv
T2-0261	term	शोर हटाना	denoising	mixed_lexicon		ડીનોઇઝિંગ	preprocess	task2.2_support			noise cleanup	technical_terms_en_hi_gu_lexicon_starter.csv
T2-0262	term	स्पेक्ट्रल सब्ट्रैक्शन	spectral subtraction	mixed_lexicon		સ્પેક્ટ્રલ સબ્ટ્રેક્શન	preprocess	task2.2_support			noise method	technical_terms_en_hi_gu_lexicon_starter.csv
T2-0263	term	बीम सर्च	beam search	mixed_lexicon		બીમ સર્ચ	decoding	task2.2_support			decoder search	technical_terms_en_hi_gu_lexicon_starter.csv
T2-0264	term	एन ग्राम भाषा मॉडल	n gram language model	mixed_lexicon		એન ગ્રામ ભાષા મોડેલ	decoding	task2.2_support			bias source	technical_terms_en_hi_gu_lexicon_starter.csv
T2-0265	term	लॉजिट बायस	logit bias	mixed_lexicon		લોજિટ બાયસ	decoding	task2.2_support			constrained decoding	technical_terms_en_hi_gu_lexicon_starter.csv
T2-0266	term	वर्गीकारक	classifier	mixed_lexicon		ક્લાસિફાયર	ml	task2.2_support			decision module	technical_terms_en_hi_gu_lexicon_starter.csv
T2-0267	term	कन्फ्यूज़न मैट्रिक्स	confusion matrix	mixed_lexicon		કન્ફ્યુઝન મેટ્રિક્સ	evaluation	task2.2_support			error analysis	technical_terms_en_hi_gu_lexicon_starter.csv
T2-0268	term	शब्द त्रुटि दर	word error rate	mixed_lexicon		શબ્દ ભૂલ દર	evaluation	task2.2_support			stt metric	technical_terms_en_hi_gu_lexicon_starter.csv
T2-0269	term	मेल सेप्स्ट्रल विकृति	mel cepstral distortion	mixed_lexicon		મેલ કેપ્સ્ટ્રલ ડિસ્ટોર્શન	evaluation	task2.2_support			tts metric	technical_terms_en_hi_gu_lexicon_starter.csv
T2-0270	term	समान त्रुटि दर	equal error rate	mixed_lexicon		સમાન ભૂલ દર	evaluation	task2.2_support			spoof metric	technical_terms_en_hi_gu_lexicon_starter.csv
T2-0271	term	स्पूफ पहचान	spoof detection	mixed_lexicon		નકલી અવાજ ઓળખ	security	task2.2_support			task 4	technical_terms_en_hi_gu_lexicon_starter.csv
T2-0272	term	प्रतिद्वंद्वी विक्षोभ	adversarial perturbation	mixed_lexicon		એડ્વર્સેરિયલ વિક્ષેપ	robustness	task2.2_support			attack term	technical_terms_en_hi_gu_lexicon_starter.csv
T2-0273	term	प्रतिरोधक उपाय	countermeasure	mixed_lexicon		પ્રતિરક્ષા ઉપાય	security	task2.2_support			anti spoof system	technical_terms_en_hi_gu_lexicon_starter.csv
T2-0274	term	व्याख्यान ऑडियो	lecture audio	mixed_lexicon		વ્યાખ્યાન ઑડિયો	data	task2.2_support			input source	technical_terms_en_hi_gu_lexicon_starter.csv
T2-0275	term	संदर्भ आवाज	reference voice	mixed_lexicon		સંદર્ભ અવાજ	data	task2.2_support			student recording	technical_terms_en_hi_gu_lexicon_starter.csv
T2-0276	term	तकनीकी शब्द	technical term	mixed_lexicon		તકનીકી શબ્દ	translation	task2.2_support			glossary entry	technical_terms_en_hi_gu_lexicon_starter.csv
T2-0277	term	स्वरलय	prosody	mixed_lexicon		સ્વરલય	prosody	task2.2_support			style transfer	technical_terms_en_hi_gu_lexicon_starter.csv
T2-0278	term	स्वर चढ़ाव उतार	intonation	mixed_lexicon		સ્વર ચઢાવ ઉતાર	prosody	task2.2_support			style transfer	technical_terms_en_hi_gu_lexicon_starter.csv
T2-0279	term	विराम अवधि	pause duration	mixed_lexicon		વિરામ અવધિ	prosody	task2.2_support			timing cue	technical_terms_en_hi_gu_lexicon_starter.csv
T2-0280	term	एंटी स्पूफिंग वर्गीकारक	anti spoofing classifier	mixed_lexicon		એન્ટી સ્પૂફિંગ ક્લાસિફાયર	security	task2.2_support			task 4	technical_terms_en_hi_gu_lexicon_starter.csv
T2-0281	term	मजबूती	robustness	mixed_lexicon		મજબૂતી	robustness	task2.2_support			report section	technical_terms_en_hi_gu_lexicon_starter.csv
T2-0282	term	सरकार प्रमुख	head of government	mixed_lexicon		સરકાર વડા	governance	task2.2_support			from transcript	technical_terms_en_hi_gu_lecture_expanded.csv
T2-0283	term	जन सेवा	public service	mixed_lexicon		જન સેવા	governance	task2.2_support			from transcript	technical_terms_en_hi_gu_lecture_expanded.csv
T2-0284	term	प्रेरणा	inspiration	mixed_lexicon		પ્રેરણા	abstract	task2.2_support			from transcript	technical_terms_en_hi_gu_lecture_expanded.csv
T2-0285	term	आकांक्षा	aspiration	mixed_lexicon		આકાંક્ષા	abstract	task2.2_support			from transcript	technical_terms_en_hi_gu_lecture_expanded.csv
T2-0286	term	आवश्यकता	need	mixed_lexicon		જરૂરિયાત	abstract	task2.2_support			from transcript	technical_terms_en_hi_gu_lecture_expanded.csv
T2-0287	term	कसौटी	criterion	mixed_lexicon		કસોટી	decision	task2.2_support			from transcript	technical_terms_en_hi_gu_lecture_expanded.csv
T2-0288	term	आत्म मूल्यांकन	self evaluation	mixed_lexicon		આત્મ મૂલ્યાંકન	decision	task2.2_support			from transcript	technical_terms_en_hi_gu_lecture_expanded.csv
T2-0289	term	ऊर्जा	energy	mixed_lexicon		ઊર્જા	abstract	task2.2_support			from transcript	technical_terms_en_hi_gu_lecture_expanded.csv
T2-0290	term	इंजीनियर	engineer	mixed_lexicon		ઇજનેર	identity	task2.2_support			from transcript	technical_terms_en_hi_gu_lecture_expanded.csv
T2-0291	term	गणित	mathematics	mixed_lexicon		ગણિત	academic	task2.2_support			from transcript	technical_terms_en_hi_gu_lecture_expanded.csv
T2-0292	term	गणितज्ञ	mathematician	mixed_lexicon		ગણિતજ્ઞ	academic	task2.2_support			from transcript	technical_terms_en_hi_gu_lecture_expanded.csv
T2-0293	term	विज्ञान	science	mixed_lexicon		વિજ્ઞાન	academic	task2.2_support			from transcript	technical_terms_en_hi_gu_lecture_expanded.csv
T2-0294	term	आध्यात्मिकता	spirituality	mixed_lexicon		આધ્યાત્મિકતા	academic	task2.2_support			from transcript	technical_terms_en_hi_gu_lecture_expanded.csv
T2-0295	term	संबंध	connection	mixed_lexicon		સંબંધ	abstract	task2.2_support			from transcript	technical_terms_en_hi_gu_lecture_expanded.csv
T2-0296	term	वैज्ञानिक मस्तिष्क	scientific mind	mixed_lexicon		વૈજ્ઞાનિક મન	academic	task2.2_support			from transcript	technical_terms_en_hi_gu_lecture_expanded.csv
T2-0297	term	उन्नत सोच	advanced mind	mixed_lexicon		ઉન્નત વિચાર	academic	task2.2_support			from transcript	technical_terms_en_hi_gu_lecture_expanded.csv
T2-0298	term	पूजा	worship	mixed_lexicon		પૂજા	spiritual	task2.2_support			from transcript	technical_terms_en_hi_gu_lecture_expanded.csv
T2-0299	term	तपस्या	tapasya	mixed_lexicon		તપસ્યા	spiritual	task2.2_support			from transcript	technical_terms_en_hi_gu_lecture_expanded.csv
T2-0300	term	कड़ी मेहनत	hard work	mixed_lexicon		કઠિન મહેનત	work	task2.2_support			from transcript	technical_terms_en_hi_gu_lecture_expanded.csv
T2-0301	term	ज्ञान	knowledge	mixed_lexicon		જ્ઞાન	knowledge	task2.2_support			from transcript	technical_terms_en_hi_gu_lecture_expanded.csv
T2-0302	term	स्रोत	source	mixed_lexicon		સ્ત્રોત	knowledge	task2.2_support			from transcript	technical_terms_en_hi_gu_lecture_expanded.csv
T2-0303	term	विचार	idea	mixed_lexicon		વિચાર	knowledge	task2.2_support			from transcript	technical_terms_en_hi_gu_lecture_expanded.csv
T2-0304	term	सूचना	information	mixed_lexicon		માહિતી	knowledge	task2.2_support			from transcript	technical_terms_en_hi_gu_lecture_expanded.csv
T2-0305	term	अंतर	difference	mixed_lexicon		ફરક	knowledge	task2.2_support			from transcript	technical_terms_en_hi_gu_lecture_expanded.csv
T2-0306	term	प्रसंस्करण	processing	mixed_lexicon		પ્રક્રિયા	knowledge	task2.2_support			from transcript	technical_terms_en_hi_gu_lecture_expanded.csv
T2-0307	term	विकसित होना	evolve	mixed_lexicon		વિકસવું	knowledge	task2.2_support			from transcript	technical_terms_en_hi_gu_lecture_expanded.csv
T2-0308	term	राजनेता	politician	mixed_lexicon		રાજકારણી	governance	task2.2_support			from transcript	technical_terms_en_hi_gu_lecture_expanded.csv
T2-0309	term	जिला	district	mixed_lexicon		જિલ્લો	governance	task2.2_support			from transcript	technical_terms_en_hi_gu_lecture_expanded.csv
T2-0310	term	रात्रि मुकाम	night halt	mixed_lexicon		રાત્રિ મુકામ	governance	task2.2_support			from transcript	technical_terms_en_hi_gu_lecture_expanded.csv
T2-0311	term	जमीनी स्तर	grassroot level	mixed_lexicon		ધરાતળ સ્તર	governance	task2.2_support			from transcript	technical_terms_en_hi_gu_lecture_expanded.csv
T2-0312	term	प्रत्यक्ष जानकारी	first hand information	mixed_lexicon		પ્રત્યક્ષ માહિતી	governance	task2.2_support			from transcript	technical_terms_en_hi_gu_lecture_expanded.csv
T2-0313	term	निर्णय	decision	mixed_lexicon		નિર્ણય	decision	task2.2_support			from transcript	technical_terms_en_hi_gu_lecture_expanded.csv
T2-0314	term	तराजू	scale	mixed_lexicon		તારાજુ	decision	task2.2_support			from transcript	technical_terms_en_hi_gu_lecture_expanded.csv
T2-0315	term	देश पहले	country first	mixed_lexicon		દેશ પ્રથમ	decision	task2.2_support			from transcript	technical_terms_en_hi_gu_lecture_expanded.csv
T2-0316	term	गरीब व्यक्ति	poor person	mixed_lexicon		ગરીબ વ્યક્તિ	society	task2.2_support			from transcript	technical_terms_en_hi_gu_lecture_expanded.csv
T2-0317	term	चेहरा	face	mixed_lexicon		ચહેરો	society	task2.2_support			from transcript	technical_terms_en_hi_gu_lecture_expanded.csv
T2-0318	term	मंत्र	mantra	mixed_lexicon		મંત્ર	abstract	task2.2_support			from transcript	technical_terms_en_hi_gu_lecture_expanded.csv
T2-0319	term	सरकार	government	mixed_lexicon		સરકાર	governance	task2.2_support			from transcript	technical_terms_en_hi_gu_lecture_expanded.csv
T2-0320	term	अधिकारी	officer	mixed_lexicon		અધિકારી	governance	task2.2_support			from transcript	technical_terms_en_hi_gu_lecture_expanded.csv
T2-0321	term	ईर्ष्या	jealousy	mixed_lexicon		ઇર્ષ્યા	abstract	task2.2_support			from transcript	technical_terms_en_hi_gu_lecture_expanded.csv
T2-0322	term	तकलीफ	difficulty	mixed_lexicon		તકલીફ	abstract	task2.2_support			from transcript	technical_terms_en_hi_gu_lecture_expanded.csv
T2-0323	term	सूचना चैनल	information channel	mixed_lexicon		માહિતી ચેનલ	governance	task2.2_support			from transcript	technical_terms_en_hi_gu_lecture_expanded.csv
T2-0324	term	संक्षिप्त विवरण	brief	mixed_lexicon		સંક્ષિપ્ત નોંધ	governance	task2.2_support			from transcript	technical_terms_en_hi_gu_lecture_expanded.csv
T2-0325	term	विद्यार्थी भाव	student mindset	mixed_lexicon		વિદ્યાર્થી ભાવ	education	task2.2_support			from transcript	technical_terms_en_hi_gu_lecture_expanded.csv
T2-0326	term	प्रश्न	question	mixed_lexicon		પ્રશ્ન	education	task2.2_support			from transcript	technical_terms_en_hi_gu_lecture_expanded.csv
T2-0327	term	डेविल्स एडवोकेट	devils advocate	mixed_lexicon		ડેવિલ્સ એડ્વોકેટ	argument	task2.2_support			from transcript	technical_terms_en_hi_gu_lecture_expanded.csv
T2-0328	term	उल्टा प्रश्न	cross question	mixed_lexicon		ઉલ્ટો પ્રશ્ન	argument	task2.2_support			from transcript	technical_terms_en_hi_gu_lecture_expanded.csv
T2-0329	term	मंथन	churning	mixed_lexicon		મંથન	analysis	task2.2_support			from transcript	technical_terms_en_hi_gu_lecture_expanded.csv
T2-0330	term	प्रतिक्रिया	reaction	mixed_lexicon		પ્રતિક્રિયા	analysis	task2.2_support			from transcript	technical_terms_en_hi_gu_lecture_expanded.csv
T2-0331	term	गति	speed	mixed_lexicon		ઝડપ	analysis	task2.2_support			from transcript	technical_terms_en_hi_gu_lecture_expanded.csv
T2-0332	term	दृढ़ विश्वास	conviction	mixed_lexicon		દૃઢ વિશ્વાસ	analysis	task2.2_support			from transcript	technical_terms_en_hi_gu_lecture_expanded.csv
T2-0333	term	प्रक्रिया	process	mixed_lexicon		પ્રક્રિયા	analysis	task2.2_support			from transcript	technical_terms_en_hi_gu_lecture_expanded.csv
T2-0334	term	कोरोना	corona	mixed_lexicon		કોરોના	health	task2.2_support			from transcript	technical_terms_en_hi_gu_lecture_expanded.csv
T2-0335	term	अर्थशास्त्री	economist	mixed_lexicon		અર્થશાસ્ત્રી	economy	task2.2_support			from transcript	technical_terms_en_hi_gu_lecture_expanded.csv
T2-0336	term	राजनीतिक दल	political party	mixed_lexicon		રાજકીય પક્ષ	governance	task2.2_support			from transcript	technical_terms_en_hi_gu_lecture_expanded.csv
T2-0337	term	दबाव	pressure	mixed_lexicon		દબાણ	economy	task2.2_support			from transcript	technical_terms_en_hi_gu_lecture_expanded.csv
T2-0338	term	भूख	hunger	mixed_lexicon		ભૂખ	society	task2.2_support			from transcript	technical_terms_en_hi_gu_lecture_expanded.csv
T2-0339	term	सामाजिक तनाव	social tension	mixed_lexicon		સામાજિક તણાવ	society	task2.2_support			from transcript	technical_terms_en_hi_gu_lecture_expanded.csv
T2-0340	term	लॉकडाउन	lockdown	mixed_lexicon		લોકડાઉન	health	task2.2_support			from transcript	technical_terms_en_hi_gu_lecture_expanded.csv
T2-0341	term	विशेषज्ञ राय	expert opinion	mixed_lexicon		નિષ્ણાત મત	analysis	task2.2_support			from transcript	technical_terms_en_hi_gu_lecture_expanded.csv
T2-0342	term	परिस्थिति	circumstance	mixed_lexicon		પરિસ્થિતિ	analysis	task2.2_support			from transcript	technical_terms_en_hi_gu_lecture_expanded.csv
T2-0343	term	मिश्रण	mixture	mixed_lexicon		મિશ્રણ	analysis	task2.2_support			from transcript	technical_terms_en_hi_gu_lecture_expanded.csv
T2-0344	term	व्यवस्था	arrangement	mixed_lexicon		વ્યવસ્થા	analysis	task2.2_support			from transcript	technical_terms_en_hi_gu_lecture_expanded.csv
T2-0345	term	मुद्रास्फीति	inflation	mixed_lexicon		મૂલ્યવૃદ્ધિ	economy	task2.2_support			from transcript	technical_terms_en_hi_gu_lecture_expanded.csv
T2-0346	term	कोविड	covid	mixed_lexicon		કોવિડ	health	task2.2_support			from transcript	technical_terms_en_hi_gu_lecture_expanded.csv
T2-0347	term	प्रगति	growth	mixed_lexicon		પ્રગતિ	economy	task2.2_support			from transcript	technical_terms_en_hi_gu_lecture_expanded.csv
T2-0348	term	संकट	crisis	mixed_lexicon		સંકટ	economy	task2.2_support			from transcript	technical_terms_en_hi_gu_lecture_expanded.csv
T2-0349	term	सिद्धांत	theory	mixed_lexicon		સિદ્ધાંત	analysis	task2.2_support			from transcript	technical_terms_en_hi_gu_lecture_expanded.csv
T2-0350	term	मूलभूत आधार	fundamental	mixed_lexicon		મૂળભૂત આધાર	analysis	task2.2_support			from transcript	technical_terms_en_hi_gu_lecture_expanded.csv
T2-0351	term	फोकस	focus	mixed_lexicon		ફોકસ	analysis	task2.2_support			from transcript	technical_terms_en_hi_gu_lecture_expanded.csv
T2-0352	term	जोखिम लेने की क्षमता	risk taking	mixed_lexicon		જોખમ લેવાની ક્ષમતા	leadership	task2.2_support			from transcript	technical_terms_en_hi_gu_lecture_expanded.csv
T2-0353	term	स्वामित्व	ownership	mixed_lexicon		માલિકી	leadership	task2.2_support			from transcript	technical_terms_en_hi_gu_lecture_expanded.csv
T2-0354	term	गलती	mistake	mixed_lexicon		ભૂલ	leadership	task2.2_support			from transcript	technical_terms_en_hi_gu_lecture_expanded.csv
T2-0355	term	जिम्मेदारी	responsibility	mixed_lexicon		જવાબદારી	leadership	task2.2_support			from transcript	technical_terms_en_hi_gu_lecture_expanded.csv
T2-0356	term	टीम	team	mixed_lexicon		ટીમ	leadership	task2.2_support			from transcript	technical_terms_en_hi_gu_lecture_expanded.csv
T2-0357	term	ईमानदारी	honesty	mixed_lexicon		ઇમાનદારી	leadership	task2.2_support			from transcript	technical_terms_en_hi_gu_lecture_expanded.csv
T2-0358	term	समर्पण	dedication	mixed_lexicon		સમર્પણ	leadership	task2.2_support			from transcript	technical_terms_en_hi_gu_lecture_expanded.csv
T2-0359	term	भरोसा	trust	mixed_lexicon		વિશ્વાસ	leadership	task2.2_support			from transcript	technical_terms_en_hi_gu_lecture_expanded.csv
T2-0360	term	अंतरराष्ट्रीय ध्वन्यात्मक लिपि	ipa	mixed_lexicon		આંતરરાષ્ટ્રીય ધ્વન્યાત્મક લિપિ	speech	task2.2_support			task 2.1	technical_terms_en_hi_gu_lecture_expanded.csv
T2-0361	term	एकीकृत निरूपण	unified representation	mixed_lexicon		એકિકૃત નિરૂપણા	speech	task2.2_support			task 2.1	technical_terms_en_hi_gu_lecture_expanded.csv
T2-0362	term	ध्वनिविज्ञान	phonology	mixed_lexicon		ધ્વનિવિજ્ઞાન	speech	task2.2_support			task 2.1	technical_terms_en_hi_gu_lecture_expanded.csv
T2-0363	term	कोड स्विच्ड प्रतिलेख	code switched transcript	mixed_lexicon		કોડ સ્વિચ્ડ ટ્રાન્સક્રિપ્ટ	speech	task2.2_support			task 2.1	technical_terms_en_hi_gu_lecture_expanded.csv
T2-0364	term	मैनुअल मैपिंग लेयर	manual mapping layer	mixed_lexicon		મેન્યુઅલ મેપિંગ લેયર	speech	task2.2_support			task 2.1	technical_terms_en_hi_gu_lecture_expanded.csv
T2-0365	term	सार्थक अनुवाद	semantic translation	mixed_lexicon		અર્થસભર અનુવાદ	translation	task2.2_support			task 2.2	technical_terms_en_hi_gu_lecture_expanded.csv
T2-0366	term	समानांतर कॉर्पस	parallel corpus	mixed_lexicon		સમાનાંતર કોર્પસ	translation	task2.2_support			task 2.2	technical_terms_en_hi_gu_lecture_expanded.csv
T2-0367	term	लक्षित भाषा	target language	mixed_lexicon		લક્ષ્ય ભાષા	translation	task2.2_support			task 2.2	technical_terms_en_hi_gu_lecture_expanded.csv
